City_ID,City,Lat,Lng,Max Temp,Humidity,Cloudiness,Wind Speed,Country,Date
0,kodiak,57.79,-152.4072,12.73,44,0,0.0,US,1685682236
1,port-aux-francais,-49.35,70.2167,3.37,95,100,12.72,TF,1685682900
2,gadzhiyevo,69.2551,33.3362,3.68,74,100,7.37,RU,1685682333
3,smarhon,54.4791,26.3934,7.03,88,50,5.4,BY,1685682900
4,elkins,38.9259,-79.8467,15.95,81,0,0.0,US,1685682900
5,borgloon,50.804,5.3437,10.13,75,75,4.63,BE,1685682900
6,lodja,-3.4833,23.4333,20.67,66,45,0.9,CD,1685682901
7,bethel,41.3712,-73.414,18.18,79,0,0.0,US,1685682825
8,trairi,-3.2778,-39.2689,24.42,89,6,2.63,BR,1685682901
9,badger,64.8,-147.5333,9.14,75,75,3.09,US,1685682901
10,albany,42.6001,-73.9662,21.36,72,4,0.89,US,1685682423
11,san luis de la loma,17.2706,-100.8939,26.96,74,15,2.56,MX,1685682901
12,puerto ayora,-0.7393,-90.3518,23.64,96,19,2.02,EC,1685682900
13,wailua homesteads,22.0669,-159.378,25.24,87,100,5.66,US,1685682902
14,petropavlovsk-kamchatsky,53.0452,158.6483,9.33,71,75,6.0,RU,1685682902
15,singkil,-7.9855,111.4161,29.92,65,69,3.02,ID,1685682902
16,port elizabeth,-33.918,25.5701,12.4,99,0,1.54,ZA,1685682903
17,hithadhoo,-0.6,73.0833,28.15,72,100,2.78,MV,1685682355
18,udachny,66.4167,112.4,19.14,22,29,7.0,RU,1685682361
19,thompson,55.7435,-97.8558,17.09,72,100,2.06,CA,1685682371
20,rumilly,45.8667,5.95,15.16,88,0,1.54,FR,1685682904
21,pahrump,36.2083,-115.9839,25.14,23,11,1.79,US,1685682904
22,west island,-12.1568,96.8225,27.99,83,75,8.23,CC,1685682317
23,grytviken,-54.2811,-36.5092,4.18,90,99,1.56,GS,1685682905
24,bilibino,68.0546,166.4372,8.28,35,75,6.94,RU,1685682345
25,hawaiian paradise park,19.5933,-154.9731,22.8,97,100,2.06,US,1685682309
26,hamilton,39.1834,-84.5333,20.4,62,0,0.0,US,1685682291
27,blackmans bay,-43.0167,147.3167,13.07,65,18,1.04,AU,1685682326
28,atafu village,-8.5421,-172.5159,28.82,74,92,2.31,TK,1685682352
29,kimbe,-5.5502,150.1429,29.01,82,79,0.54,PG,1685682404
30,prince george,53.9166,-122.753,14.69,46,0,2.06,CA,1685682273
31,port lincoln,-34.7333,135.8667,19.49,54,96,5.69,AU,1685682368
32,avarua,-21.2078,-159.775,20.03,83,55,1.03,CK,1685682082
33,stanley,54.868,-1.6985,8.73,82,75,2.06,GB,1685682315
34,caleta de carquin,-11.0925,-77.6267,20.5,83,25,4.25,PE,1685682906
35,adamstown,-25.066,-130.1015,24.54,85,100,10.97,PN,1685682307
36,san patricio,28.017,-97.5169,27.14,82,38,4.43,US,1685682350
37,dunedin,-45.8742,170.5036,11.56,44,9,3.13,NZ,1685682418
38,tocoa,15.6833,-86.0,24.86,92,23,1.05,HN,1685682907
39,garden city,42.3256,-83.331,22.14,61,40,1.54,US,1685682907
40,puerto natales,-51.7236,-72.4875,1.76,88,100,1.12,CL,1685682734
41,tura,25.5198,90.2201,34.24,37,2,3.3,IN,1685682316
42,san antonio de pale,-1.4014,5.6325,25.98,88,52,5.45,GQ,1685682363
43,valparaiso,-33.0393,-71.6273,15.0,68,100,2.06,CL,1685682908
44,casablanca,33.5928,-7.6192,17.01,78,69,1.15,MA,1685682709
45,port alfred,-33.5906,26.891,15.96,57,51,3.91,ZA,1685682338
46,barra de santo antonio,-9.4047,-35.5072,24.6,86,28,1.19,BR,1685682909
47,coronel suarez,-37.4547,-61.9334,14.88,89,91,5.57,AR,1685682909
48,vorkuta,67.5,64.0,15.37,64,48,6.56,RU,1685682335
49,tela,15.7833,-87.45,26.03,83,5,1.91,HN,1685682909
50,kirakira,-10.4544,161.9205,28.51,80,100,4.17,SB,1685682362
51,bredasdorp,-34.5322,20.0403,13.3,96,83,2.06,ZA,1685682332
52,invercargill,-46.4,168.35,8.48,73,74,8.45,NZ,1685682332
53,ushuaia,-54.8,-68.3,9.81,50,20,6.69,AR,1685682329
54,alice springs,-23.7,133.8833,26.75,14,0,5.66,AU,1685682363
55,longyearbyen,78.2186,15.6401,-0.09,47,0,4.12,SJ,1685682910
56,constantia,44.1833,28.65,20.39,56,36,1.15,RO,1685682348
57,piedecuesta,6.9879,-73.0495,20.12,92,100,1.05,CO,1685682746
58,edinburgh of the seven seas,-37.0676,-12.3116,12.2,61,100,8.9,SH,1685682333
59,mossel bay,-34.1831,22.146,12.96,87,91,3.0,ZA,1685682340
60,yass,-34.8333,148.9167,18.35,71,74,0.89,AU,1685682911
61,solnechnyy,50.7214,136.6319,9.02,73,97,3.51,RU,1685682911
62,ilebo,-4.3167,20.5833,20.65,72,93,0.67,CD,1685682911
63,waitangi,-43.9535,-176.5597,14.9,93,39,1.79,NZ,1685682911
64,flying fish cove,-10.4217,105.6791,26.82,89,100,6.17,CX,1685682347
65,iskateley,67.6803,53.1512,13.69,61,63,4.32,RU,1685682912
66,jamestown,42.097,-79.2353,21.8,68,0,1.54,US,1685682322
67,saint-pierre,-21.3393,55.4781,25.32,50,0,2.57,RE,1685682912
68,wakkanai,45.4094,141.6739,11.99,94,75,3.6,JP,1685682913
69,illapel,-31.6308,-71.1653,14.92,72,65,1.32,CL,1685682913
70,ust-nera,64.5667,143.2,18.87,37,15,1.05,RU,1685682337
71,ilulissat,69.2167,-51.1,-0.99,86,100,7.2,GL,1685682314
72,morehead city,34.7229,-76.726,21.03,91,100,4.12,US,1685682889
73,hualien city,23.9769,121.6044,29.77,78,61,1.39,TW,1685682653
74,kailua-kona,19.6406,-155.9956,25.98,89,100,4.12,US,1685682652
75,ancud,-41.8697,-73.8203,10.51,79,65,10.27,CL,1685682325
76,yellowknife,62.456,-114.3525,17.29,31,20,2.06,CA,1685682110
77,doullens,50.1572,2.3402,11.58,88,7,4.9,FR,1685682914
78,papatowai,-46.5619,169.4708,8.68,77,84,8.55,NZ,1685682340
79,whitehorse,60.7161,-135.0538,12.43,33,40,6.71,CA,1685682327
80,nuku'alofa,-21.1333,-175.2,23.19,73,20,4.63,TO,1685682367
81,touros,-5.1989,-35.4608,24.42,91,47,3.89,BR,1685682365
82,taoudenni,22.6783,-3.9836,26.97,11,71,4.18,ML,1685682915
83,kingston,17.997,-76.7936,27.53,87,20,1.03,JM,1685682780
84,klyuchi,52.2667,79.1667,26.97,23,6,3.55,RU,1685682329
85,tiksi,71.6872,128.8694,9.43,54,100,4.24,RU,1685682915
86,tchibanga,-2.85,11.0333,20.96,98,97,0.95,GA,1685682916
87,coquimbo,-29.9533,-71.3436,14.85,82,100,3.09,CL,1685682394
88,usogorsk,63.4106,48.6872,15.53,60,63,4.32,RU,1685682916
89,norilsk,69.3535,88.2027,10.46,88,100,6.56,RU,1685682916
90,imuris,30.7833,-110.8667,17.73,45,77,1.35,MX,1685682917
91,hermanus,-34.4187,19.2345,14.89,86,90,3.33,ZA,1685682333
92,utrik,11.2278,169.8474,27.47,81,100,6.36,MH,1685682347
93,tazovsky,67.4667,78.7,15.6,81,87,8.56,RU,1685682917
94,znamenskoye,57.1281,73.8282,28.08,39,80,2.96,RU,1685682917
95,ribeira grande,38.5167,-28.7,19.32,82,46,4.47,PT,1685682354
96,olonkinbyen,70.9221,-8.7187,0.46,89,100,7.95,SJ,1685682329
97,chul'man,56.8479,124.9104,14.67,54,100,5.85,RU,1685682918
98,las tunas,20.9617,-76.9511,22.8,95,100,2.17,CU,1685682918
99,carnarvon,-24.8667,113.6333,21.1,46,0,7.14,AU,1685682332
100,nemuro,43.3236,145.575,12.01,95,100,8.68,JP,1685682386
101,colonia,50.9333,6.95,11.64,66,100,4.12,DE,1685682382
102,callaway,30.153,-85.5699,22.96,78,75,3.09,US,1685682919
103,nema,57.5067,50.5011,17.83,59,14,2.48,RU,1685682919
104,tralee,52.2704,-9.7026,9.99,86,7,2.21,IE,1685682351
105,aasiaat,68.7098,-52.8699,-1.03,96,100,6.03,GL,1685682348
106,tanumah,27.1,44.1333,30.37,21,0,5.33,SA,1685682919
107,lebu,-37.6167,-73.65,12.08,91,64,3.58,CL,1685682341
108,tual,-5.6667,132.75,27.41,79,77,7.2,ID,1685682112
109,vernon,50.2581,-119.2691,20.74,34,5,1.54,CA,1685682342
110,leh,34.1667,77.5833,7.97,51,100,2.96,IN,1685682920
111,izsak,46.8045,19.3517,18.86,72,16,0.86,HU,1685682921
112,santa maria,-29.6842,-53.8069,15.1,91,0,1.62,BR,1685682888
113,massenya,11.4039,16.1705,30.96,46,93,1.46,TD,1685682921
114,san andres,12.5847,-81.7006,27.01,89,20,2.06,CO,1685682921
115,cabo san lucas,22.8909,-109.9124,23.67,79,36,6.16,MX,1685682814
116,iqaluit,63.7506,-68.5145,-2.15,86,100,5.14,CA,1685682791
117,kapa'a,22.0752,-159.319,25.99,87,100,5.66,US,1685682213
118,margaret river,-33.95,115.0667,15.65,63,99,4.56,AU,1685682922
119,manokwari,-0.8667,134.0833,28.83,72,28,2.09,ID,1685682357
120,college,64.8569,-147.8028,9.18,83,100,3.09,US,1685682342
121,warangal,18.0,79.5833,40.99,14,67,5.92,IN,1685682914
122,saipan,15.1355,145.701,30.39,100,75,9.77,MP,1685682922
123,talnakh,69.4865,88.3972,8.82,90,100,6.99,RU,1685682923
124,opuwo,-18.0607,13.84,14.13,53,0,1.65,NA,1685682419
125,pimentel,-6.8367,-79.9342,24.16,83,40,3.6,PE,1685682923
126,anadyr,64.75,177.4833,10.28,43,0,4.0,RU,1685682354
127,tofol,5.3248,163.0078,30.88,70,75,3.09,FM,1685682923
128,loiza,18.4313,-65.8802,28.37,82,20,2.57,PR,1685682924
129,concepcion,-36.827,-73.0498,12.89,100,75,3.6,CL,1685682687
130,fortuna,40.5982,-124.1573,11.19,92,100,4.12,US,1685682924
131,punta arenas,-53.15,-70.9167,8.06,71,0,9.26,CL,1685682888
132,acapulco de juarez,16.8634,-99.8901,28.9,70,0,2.57,MX,1685682750
133,san pedro pochutla,15.7333,-96.4667,27.62,85,68,1.97,MX,1685682924
134,tsarevo,42.1667,27.85,18.46,57,12,0.55,BG,1685682925
135,aegina,37.7467,23.4275,23.21,62,97,3.11,GR,1685682925
136,carauari,-4.8828,-66.8958,23.06,99,99,0.63,BR,1685682767
137,biltine,14.5333,20.9167,31.77,29,74,0.77,TD,1685682925
138,kourou,5.1552,-52.6478,23.03,88,11,2.48,GF,1685682925
139,panindicuaro,19.9667,-101.7667,19.08,68,23,1.73,MX,1685682926
140,caraballeda,10.6112,-66.8522,27.98,88,44,2.06,VE,1685682926
141,castillos,-34.1667,-53.8333,12.6,94,1,1.9,UY,1685682382
142,antalaha,-14.9003,50.2788,23.86,69,41,3.11,MG,1685682926
143,mazagao,-0.115,-51.2894,27.03,94,1,1.27,BR,1685682926
144,ishinomaki,38.4167,141.3,20.0,97,100,1.63,JP,1685682927
145,hotan,37.0997,79.9269,24.79,21,100,5.91,CN,1685682396
146,turpan,42.9333,89.1667,31.44,13,2,1.08,CN,1685682927
147,luorong,24.4058,109.6086,34.47,55,69,2.19,CN,1685682927
148,okha,53.5739,142.9478,2.69,96,100,3.46,RU,1685682928
149,khandyga,62.6667,135.6,23.11,35,25,2.28,RU,1685682394
150,reggane,26.7158,0.1714,26.66,20,0,4.38,DZ,1685682928
151,vadso,70.0744,29.7487,3.49,65,75,6.17,NO,1685682329
152,usinsk,65.9939,57.5281,16.11,52,7,7.37,RU,1685682396
153,enewetak,11.3474,162.3373,27.69,80,96,9.1,MH,1685682929
154,timimoun,29.2639,0.231,24.21,22,0,5.66,DZ,1685682929
155,qaqortoq,60.7167,-46.0333,4.27,99,100,4.88,GL,1685682381
156,balaipungut,1.05,101.2833,32.63,57,100,1.55,ID,1685682929
157,steamboat springs,40.485,-106.8317,9.08,90,100,1.54,US,1685682930
158,rakvere,59.3464,26.3558,7.36,50,2,4.28,EE,1685682930
159,dakhla,23.6848,-15.958,19.53,90,28,3.49,EH,1685682930
160,nova venecia,-18.7106,-40.4006,19.69,96,15,1.89,BR,1685682708
161,lorengau,-2.0226,147.2712,27.51,78,100,2.48,PG,1685682414
162,lompoc,34.6391,-120.4579,14.18,82,100,2.57,US,1685682380
163,sept-iles,50.2001,-66.3821,12.81,77,40,1.79,CA,1685682898
164,north bend,43.4065,-124.2243,10.65,91,0,1.54,US,1685682931
165,wangqing,43.3218,129.7634,18.73,61,99,2.07,CN,1685682931
166,bologoye,57.8799,34.1068,6.89,57,92,2.37,RU,1685682932
167,losice,52.2113,22.718,11.03,89,40,5.47,PL,1685682932
168,pangoa,-12.1167,-73.0,19.66,93,47,0.91,PE,1685682932
169,tchintabaraden,15.8969,5.7985,28.76,43,58,4.55,NE,1685682932
170,ambon,-3.6954,128.1814,32.08,80,40,1.54,ID,1685682932
171,el calafate,-50.3408,-72.2768,2.68,82,100,0.78,AR,1685682933
172,mount pearl,47.5166,-52.7813,6.36,96,100,2.57,CA,1685682933
173,al kharj,24.155,47.3346,34.32,21,86,4.6,SA,1685682933
174,papao,-17.75,-149.55,23.82,66,12,4.9,PF,1685682933
175,afaahiti,-17.75,-149.2833,22.93,68,11,5.55,PF,1685682373
176,holualoa,19.6228,-155.9522,23.91,90,100,4.12,US,1685682933
177,ilek,51.5271,53.3831,26.75,32,69,4.91,RU,1685682934
178,sendai,38.2689,140.8719,19.66,94,75,1.54,JP,1685682793
179,chonchi,-42.6128,-73.8092,8.56,80,31,5.63,CL,1685682335
180,businga,3.3333,20.8833,22.16,94,84,1.08,CD,1685682934
181,hafar al-batin,28.4328,45.9708,33.32,19,0,7.2,SA,1685682934
182,tazacorte,28.629,-17.9293,19.54,88,0,2.57,ES,1685682407
183,georgetown,5.4112,100.3354,32.96,74,40,3.6,MY,1685682335
184,brisas de zicatela,15.8369,-97.0419,28.6,82,41,2.58,MX,1685682935
185,rio grande,-32.035,-52.0986,16.62,91,0,2.43,BR,1685682935
186,paracuru,-3.41,-39.0306,26.73,90,6,3.65,BR,1685682935
187,chibougamau,49.9168,-74.3659,18.79,59,0,4.12,CA,1685682350
188,haiku-pauwela,20.9219,-156.3051,25.01,72,40,6.69,US,1685682935
189,jiangyou,31.7667,104.7167,20.17,85,100,0.46,CN,1685682935
190,kratie,12.4881,106.0188,35.77,45,86,1.61,KH,1685682936
191,hailar,49.2,119.7,19.07,32,44,7.76,CN,1685682936
192,bryne,58.7354,5.6477,9.97,89,0,1.03,NO,1685682936
193,mahibadhoo,3.7833,72.9667,28.98,77,100,7.26,MV,1685682936
194,tsiombe,-25.3,45.4833,19.97,67,0,3.02,MG,1685682370
195,jaynagar,26.5833,86.15,39.9,13,0,4.56,IN,1685682936
196,akureyri,65.6835,-18.0878,13.5,78,95,3.26,IS,1685682419
197,tolanaro,-25.0319,46.9987,21.04,83,20,8.23,MG,1685682342
198,kone,-21.0595,164.8658,24.73,71,87,3.68,NC,1685682937
199,arraial do cabo,-22.9661,-42.0278,21.45,81,4,4.76,BR,1685682138
200,nadym,65.5333,72.5167,16.98,68,89,11.46,RU,1685682373
201,nikolayevsk-on-amure,53.1406,140.73,4.55,96,100,1.71,RU,1685682937
202,ormara,25.2088,64.6357,28.9,85,28,4.9,PK,1685682937
203,labasa,-16.4167,179.3833,27.2,81,76,3.41,FJ,1685682938
204,berdigestyakh,62.0989,126.6992,19.94,28,25,3.62,RU,1685682938
205,fort bragg,35.139,-79.006,20.08,96,100,2.57,US,1685682938
206,kidal,18.4411,1.4078,29.55,15,65,3.51,ML,1685682351
207,raduzhny,62.0961,77.475,25.06,46,48,9.5,RU,1685682938
208,ouani,-12.1322,44.4258,26.63,69,5,3.71,KM,1685682938
209,goure,13.9835,10.2704,29.97,37,100,2.65,NE,1685682939
210,karratha,-20.7377,116.8463,27.89,29,0,5.08,AU,1685682939
211,palikir - national government center,6.9248,158.1611,27.39,78,100,2.62,FM,1685682939
212,labytnangi,66.6572,66.4183,16.14,68,75,7.65,RU,1685682349
213,codrington,-38.2667,141.9667,15.02,57,87,2.82,AU,1685682378
214,san clemente del tuyu,-36.3569,-56.7235,12.21,82,30,4.22,AR,1685682939
215,sodo,6.8642,37.7628,14.72,88,99,1.66,ET,1685682940
216,sumbawa besar,-8.5,117.4333,32.19,48,100,3.97,ID,1685682940
217,nantucket,41.2835,-70.0995,18.03,97,100,2.06,US,1685682940
218,toledo,39.8333,-4.0,13.26,86,88,1.94,ES,1685682940
219,dara,15.3484,-15.4799,24.04,50,69,3.54,SN,1685682940
220,ulladulla,-35.35,150.4667,18.76,69,86,2.85,AU,1685682309
221,betio village,1.358,172.9211,31.02,76,48,5.92,KI,1685682940
222,zhangye,38.9342,100.4517,24.01,22,82,3.81,CN,1685682941
223,paragominas,-2.9667,-47.4833,21.96,94,16,0.78,BR,1685682941
224,roghun,38.7826,69.8708,23.82,34,83,0.92,TJ,1685682941
225,amga,60.8953,131.9608,19.69,54,85,2.17,RU,1685682412
226,sirte,31.2089,16.5887,20.21,78,38,1.08,LY,1685682941
227,nouadhibou,20.931,-17.0347,18.99,100,100,6.17,MR,1685682941
228,howrah,22.5892,88.3103,36.0,56,36,3.09,IN,1685682070
229,villa gesell,-37.2639,-56.973,12.25,79,49,4.0,AR,1685682942
230,antofagasta,-23.65,-70.4,16.6,81,0,0.75,CL,1685682286
231,camana,-16.6228,-72.7111,17.79,83,12,3.24,PE,1685682942
232,st. john's,47.5649,-52.7093,6.82,96,100,2.57,CA,1685682349
233,puerto penasco,31.3167,-113.5333,22.17,69,46,6.71,MX,1685682753
234,isafjordur,66.0755,-23.124,10.03,88,97,6.11,IS,1685682942
235,east london,-33.0153,27.9116,15.46,53,68,2.85,ZA,1685682353
236,luderitz,-26.6481,15.1594,11.9,64,92,4.32,NA,1685682943
237,moanda,-1.5575,13.2178,21.16,97,93,1.06,GA,1685682943
238,huizen,52.2992,5.2417,11.1,75,47,3.28,NL,1685682943
239,rizokarpaso,35.6,34.375,21.63,78,99,4.9,CY,1685682943
240,mirny,62.5353,113.9611,19.02,19,9,4.02,RU,1685682943
241,al wajh,26.2455,36.4525,30.97,29,0,1.54,SA,1685682943
242,elliot lake,46.3834,-82.6331,15.75,73,60,1.7,CA,1685682944
243,la palma,33.8464,-118.0467,18.23,81,75,3.09,US,1685682944
244,jatai,-17.8814,-51.7144,15.38,93,3,1.69,BR,1685682944
245,belmonte,-15.8631,-38.8828,23.01,89,78,1.35,BR,1685682944
246,kovdor,67.5662,30.4758,2.95,83,100,6.27,RU,1685682944
247,ghat,24.9647,10.1728,24.42,27,0,2.43,LY,1685682944
248,copala,16.65,-98.9833,27.14,76,5,1.95,MX,1685682397
249,fort st. john,56.2499,-120.8529,12.94,38,20,3.09,CA,1685682825
250,kingscliff,-28.2667,153.5667,22.65,64,40,3.6,AU,1685682945
251,nadi,-17.8,177.4167,25.0,94,75,2.06,FJ,1685682401
252,newman,37.3138,-121.0208,18.99,69,0,3.44,US,1685682359
253,egilsstadir,65.2653,-14.3948,14.52,65,100,3.08,IS,1685682406
254,parkano,62.0167,23.0167,2.75,98,100,2.9,FI,1685682945
255,bardai,11.65,7.2333,25.1,59,98,5.33,NG,1685682946
256,ta`u,-14.2336,-169.5144,27.63,74,99,4.87,AS,1685682946
257,suixi,33.8907,116.7747,29.64,24,97,7.85,CN,1685682946
258,hadibu,12.65,54.0333,30.11,71,74,4.28,YE,1685682946
259,palmer,42.1584,-72.3287,19.32,81,0,0.0,US,1685682307
260,fort stockton,30.894,-102.8793,24.03,75,0,6.69,US,1685682946
261,sitka,57.0531,-135.33,10.94,76,100,2.57,US,1685682300
262,auki,-8.7676,160.7034,29.7,68,72,1.63,SB,1685682685
263,aripuana,-9.1667,-60.6333,21.94,99,98,0.75,BR,1685682947
264,oppdal,62.5943,9.6912,1.89,74,55,1.6,NO,1685682947
265,tabarka,36.9544,8.758,14.36,100,2,2.06,TN,1685682947
266,argentan,48.75,-0.0167,7.0,99,27,3.47,FR,1685682947
267,atherton,53.5237,-2.4935,10.5,73,2,2.68,GB,1685682947
268,aykhal,66.0,111.5,16.73,33,53,7.85,RU,1685682948
269,curuca,-0.7289,-47.8481,23.03,96,13,1.46,BR,1685682948
270,hammerfest,70.6634,23.6821,3.25,81,75,1.54,NO,1685682948
271,spoleto,42.7448,12.7374,15.64,89,34,1.15,IT,1685682948
272,macau,22.2006,113.5461,39.36,79,20,2.57,MO,1685682948
273,selfoss,63.9331,-20.9971,10.02,88,94,2.54,IS,1685682373
274,cabedelo,-6.9811,-34.8339,24.37,87,22,4.32,BR,1685682948
275,hidden valley,39.1623,-84.843,20.29,72,0,0.89,US,1685682949
276,ketchikan,55.3422,-131.6461,10.99,87,100,0.0,US,1685682949
277,port macquarie,-31.4333,152.9167,21.05,62,25,2.82,AU,1685682949
278,vilyuchinsk,52.9306,158.4028,10.15,90,100,1.99,RU,1685682949
279,bikenibeu village,1.3673,173.1241,30.98,74,40,3.6,KI,1685682413
280,weno,7.4515,151.8468,29.97,79,100,4.63,FM,1685682950
281,kuytun,54.3419,101.5036,20.22,41,33,3.63,RU,1685682951
282,isna,25.2934,32.554,34.35,16,83,2.9,EG,1685682951
283,susuman,62.7833,148.1667,16.32,36,76,3.88,RU,1685682951
284,chegdomyn,51.1167,133.0167,13.0,70,100,1.75,RU,1685682951
285,alofi,-19.0595,-169.9187,25.94,73,41,2.57,NU,1685682352
286,novyy urengoy,66.0833,76.6333,16.5,82,72,10.2,RU,1685682951
287,nanao,37.05,136.9667,21.29,98,100,2.0,JP,1685682951
288,tumaco,1.7986,-78.8156,24.6,90,100,3.23,CO,1685682952
289,kudahuvadhoo,2.6708,72.8944,28.24,78,100,8.07,MV,1685682952
290,nainpur,22.4333,80.1167,38.36,16,0,4.41,IN,1685682952
291,lazaro cardenas,17.9583,-102.2,25.85,73,3,1.7,MX,1685682383
292,chilaw,7.5758,79.7953,31.01,79,96,6.81,LK,1685682952
293,yuzhno-kurilsk,44.0306,145.8556,13.66,82,96,4.82,RU,1685682357
294,molina,-35.1167,-71.2833,13.85,82,100,2.06,CL,1685682953
295,lihue,21.9789,-159.3672,25.58,85,100,5.66,US,1685682953
296,port mathurin,-19.6833,63.4167,24.39,63,17,10.17,MU,1685682953
297,la'ie,21.6477,-157.9253,24.5,82,87,1.79,US,1685682357
298,chita,52.0333,113.55,17.94,32,40,6.0,RU,1685682953
299,murzuq,25.9155,13.9184,24.71,31,0,5.88,LY,1685682954
300,kalmunai,7.4167,81.8167,31.21,62,93,0.75,LK,1685682954
301,uacu cungo,-11.3634,15.1208,15.62,85,19,0.82,AO,1685682954
302,aral,40.5156,81.2636,28.6,10,99,4.72,CN,1685682954
303,grindsted,55.754,8.9123,11.47,76,82,3.09,DK,1685682954
304,nottuln,51.9333,7.35,10.35,91,19,2.08,DE,1685682954
305,bethanie,-26.4833,17.15,8.88,30,32,2.89,NA,1685682955
306,vokhtoga,58.8147,41.0461,13.36,72,88,1.86,RU,1685682955
307,savonlinna,61.8699,28.88,5.03,75,20,1.03,FI,1685682955
308,crane,31.3974,-102.3501,25.67,55,64,9.26,US,1685682361
309,sannazzaro de' burgondi,45.1023,8.9064,19.82,89,89,2.0,IT,1685682955
310,mejit,10.2753,170.8646,27.4,80,86,5.15,MH,1685682378
311,itapipoca,-3.4944,-39.5786,22.87,92,4,1.73,BR,1685682955
312,geraldton,-28.7667,114.6,20.23,45,1,5.14,AU,1685682956
313,nova sintra,14.8667,-24.7167,20.4,77,6,5.15,CV,1685682956
314,carutapera,-1.195,-46.02,24.41,91,0,1.83,BR,1685682956
315,happy valley-goose bay,53.3168,-60.3315,3.17,65,75,5.66,CA,1685682956
316,sale,34.0389,-6.8166,18.19,94,40,0.0,MA,1685682956
317,qarauyl,48.9451,79.255,22.12,34,0,5.54,KZ,1685682956
318,kiunga,-6.1219,141.2906,29.89,68,74,1.43,PG,1685682384
319,itamaraca,-7.7478,-34.8256,26.03,88,16,3.32,BR,1685682957
320,vila franca do campo,37.7167,-25.4333,16.23,90,55,1.37,PT,1685682957
321,hami,42.8,93.45,27.54,10,42,2.96,CN,1685682957
322,ceeldheer,3.8488,47.1806,28.27,75,8,6.98,SO,1685682957
323,cunit,41.1983,1.6365,18.7,67,38,1.34,ES,1685682957
324,broken hill,-31.95,141.4333,22.17,31,100,4.8,AU,1685682958
325,mahanoro,-19.9,48.8,21.79,74,88,2.15,MG,1685682958
326,quinte west,44.1834,-77.5662,22.04,72,75,0.0,CA,1685682958
327,magadan,59.5667,150.8,17.52,62,36,6.18,RU,1685682389
328,la punta,-33.1837,-66.3127,13.9,81,1,6.9,AR,1685682958
329,bayganin,48.6947,55.8742,26.31,43,15,5.79,KZ,1685682958
330,xiongzhou,25.1167,114.3,34.69,56,48,1.17,CN,1685682958
331,togur,58.3631,82.8265,27.94,39,94,5.15,RU,1685682959
332,progreso,21.2833,-89.6667,27.06,79,0,4.34,MX,1685682959
333,minas de marcona,-15.2119,-75.1103,13.3,86,15,3.97,PE,1685682959
334,bochum,51.4833,7.2167,10.61,65,48,0.89,DE,1685682959
335,spas-demensk,54.4122,34.0226,14.34,81,83,2.15,RU,1685682959
336,quellon,-43.1167,-73.6167,9.14,93,40,5.66,CL,1685682960
337,hobyo,5.3505,48.5268,28.51,74,83,8.19,SO,1685682960
338,xilin hot,43.9667,116.0333,18.54,31,24,4.08,CN,1685682960
339,nellore,14.4333,79.9667,39.45,28,75,7.12,IN,1685682960
340,cadale,2.7603,46.3222,27.88,76,58,6.67,SO,1685682960
341,nuriootpa,-34.4833,139.0,19.2,48,97,6.35,AU,1685682960
342,lospalos,-8.5186,127.0025,23.33,87,95,2.57,TL,1685682411
343,la manga del mar menor,37.6413,-0.7165,21.0,84,75,3.58,ES,1685682961
344,naze,28.3667,129.4833,24.51,94,100,10.6,JP,1685682961
345,greymouth,-42.4667,171.2,10.19,77,37,6.57,NZ,1685682961
346,nova vicosa,-17.8919,-39.3719,22.96,88,18,4.07,BR,1685682961
347,kruisfontein,-34.0033,24.7314,13.0,84,98,2.37,ZA,1685682406
348,margate,51.3813,1.3862,11.06,73,96,4.47,GB,1685682735
349,inyati,-19.6756,28.8469,13.74,69,1,2.57,ZW,1685682962
350,laascaanood,8.4774,47.3597,25.63,67,72,9.23,SO,1685682962
351,balabac,7.9868,117.0645,30.47,67,99,4.61,PH,1685682962
352,koh kong,11.6175,102.9806,30.54,69,88,4.6,KH,1685682963
353,keflavik,64.0049,-22.5624,8.95,100,100,4.12,IS,1685682963
354,borogontsy,62.6683,131.1683,21.31,39,31,3.4,RU,1685682963
355,alliston,44.1501,-79.8663,21.43,64,92,2.06,CA,1685682964
356,biloela,-24.4167,150.5,26.39,33,0,1.28,AU,1685682964
357,ballina,-28.8667,153.5667,22.1,68,20,2.58,AU,1685682964
358,kulsheim,49.6697,9.5225,10.45,86,8,1.51,DE,1685682964
359,kapuskasing,49.4169,-82.4331,17.05,82,75,2.57,CA,1685682964
360,bunia,1.5667,30.25,20.53,76,50,1.38,CD,1685682965
361,olyokminsk,60.3736,120.4264,23.17,25,23,0.94,RU,1685682382
362,montrose,38.4166,-108.2673,6.67,60,100,0.74,US,1685682965
363,adrar,20.5022,-10.0711,24.21,23,99,4.54,MR,1685682965
364,thunder bay,48.4001,-89.3168,15.99,88,75,4.12,CA,1685682733
365,sanctuary point,-35.1114,150.629,20.74,71,81,3.95,AU,1685682965
366,kupino,54.3663,77.2981,27.97,25,64,3.26,RU,1685682676
367,polovinnoye,54.7914,65.9864,27.92,39,79,3.37,RU,1685682966
368,senanga,-16.1167,23.2667,14.93,47,7,2.66,ZM,1685682966
369,muniz freire,-20.4642,-41.4131,15.63,99,26,0.96,BR,1685682966
370,dudinka,69.4058,86.1778,17.2,72,95,10.46,RU,1685682375
371,la ronge,55.1001,-105.2842,15.14,82,75,3.6,CA,1685682683
372,kempsey,-31.0833,152.8333,21.08,67,24,4.02,AU,1685682967
373,remire-montjoly,4.9167,-52.2667,23.02,100,0,1.03,GF,1685682967
374,katabu,-4.9333,122.5167,30.41,62,78,2.84,ID,1685682967
375,changchun,43.88,125.3228,24.42,22,46,6.06,CN,1685682720
376,grand falls-windsor,48.9332,-55.6649,6.39,89,100,1.79,CA,1685682968
377,valencia west,32.1324,-111.1141,26.21,23,0,3.09,US,1685682968
378,taihecun,45.8,130.85,19.5,43,61,2.98,CN,1685682968
379,mudu,31.252,120.5118,30.22,50,0,4.15,CN,1685682969
380,namsos,64.4662,11.4957,6.03,87,75,2.06,NO,1685682969
381,sufalat sama'il,23.3167,58.0167,36.82,27,58,3.2,OM,1685682969
382,fale old settlement,-9.3852,-171.2468,28.8,75,70,3.1,TK,1685682969
383,island harbour,50.724,-1.2758,11.29,79,16,3.13,GB,1685682969
384,turuntayevo,52.2,107.6167,22.05,32,65,2.55,RU,1685682969
385,queenstown,-31.8976,26.8753,6.31,71,29,2.76,ZA,1685682970
386,saudarkrokur,65.7461,-19.6394,11.19,83,69,6.15,IS,1685682970
387,mukalla,14.5425,49.1242,30.01,78,48,3.48,YE,1685682970
388,zambezi,-13.5432,23.1047,13.22,52,0,2.49,ZM,1685682970
389,balakhta,55.38,91.6,23.3,37,45,3.06,RU,1685682971
390,gasa,31.5,34.4667,30.49,29,100,3.73,PS,1685682971
391,galliano,29.4422,-90.2992,24.0,83,0,0.0,US,1685682971
392,pangody,65.85,74.4859,13.33,82,88,11.42,RU,1685682971
393,uruzgan,32.8333,66.0,25.45,8,6,1.87,AF,1685682972
394,aranda de duero,41.6704,-3.6892,10.53,88,84,2.82,ES,1685682972
395,vorgashor,67.5833,63.95,15.15,63,46,6.34,RU,1685682972
396,china,25.7,-99.2333,26.11,74,100,7.5,MX,1685682972
397,west bay,19.3667,-81.4167,26.7,91,91,5.39,KY,1685682973
398,chimoio,-19.1164,33.4833,17.92,82,20,1.78,MZ,1685682973
399,nhlangano,-27.1167,31.2,5.99,63,0,2.42,SZ,1685682973
400,salinas,36.6777,-121.6555,13.01,80,100,3.09,US,1685682852
401,chulakkurgan,43.765,69.1814,26.24,15,0,10.66,KZ,1685682973
402,thomson,33.4707,-82.5046,20.79,96,0,0.0,US,1685682722
403,frederikshavn,57.4407,10.5366,11.33,56,3,5.25,DK,1685682974
404,bahia blanca,-38.7196,-62.2724,18.79,69,84,0.89,AR,1685682974
405,uturoa,-16.7333,-151.4333,24.87,63,10,5.02,PF,1685682974
406,sandnessjoen,66.0217,12.6316,6.29,84,75,1.34,NO,1685682974
407,ponta delgada,37.7333,-25.6667,16.4,88,20,1.54,PT,1685682974
408,praia da vitoria,38.7333,-27.0667,18.14,88,40,3.19,PT,1685682975
409,altai,46.3722,96.2583,5.36,75,95,4.36,MN,1685682410
410,ad dilam,23.9915,47.1627,34.23,22,89,4.31,SA,1685682975
411,bhimunipatnam,17.8833,83.4333,33.72,53,75,3.29,IN,1685682975
412,orta,40.6242,33.1093,14.12,72,3,1.44,TR,1685682976
413,jinjing,24.575,118.5972,33.01,82,19,4.05,CN,1685682976
414,pacific grove,36.6177,-121.9166,12.79,84,100,3.09,US,1685682976
415,yuci,37.6803,112.7319,23.86,25,0,2.0,CN,1685682943
416,chamical,-30.36,-66.314,14.94,93,84,2.05,AR,1685682976
417,susangerd,31.5608,48.1831,34.34,13,0,6.06,IR,1685682977
418,talara,-4.5772,-81.2719,23.15,85,43,4.53,PE,1685682977
419,bobov dol,42.3697,23.0172,14.75,84,42,0.25,BG,1685682977
420,tamanrasset,22.785,5.5228,19.95,19,0,2.57,DZ,1685682977
421,aleksandrov gay,50.147,48.5704,23.81,58,40,4.41,RU,1685682977
422,ko pha ngan,9.7578,100.0291,30.38,73,90,5.44,TH,1685682978
423,zhalantun,48.0,122.7167,22.82,24,57,3.49,CN,1685682978
424,kaiyuan,23.6977,103.3037,34.08,29,85,4.89,CN,1685682978
425,puerto aysen,-45.4,-72.7,7.58,98,96,2.45,CL,1685682978
426,tannum sands,-23.9504,151.3693,25.42,53,1,4.63,AU,1685682978
427,machico,32.7,-16.7667,19.84,83,20,1.03,PT,1685682979
428,nar'yan-mar,67.6713,53.087,13.64,62,64,4.25,RU,1685682979
429,abepura,-2.6333,140.5833,32.45,55,20,2.06,ID,1685682979
430,smithers,54.7804,-127.1743,10.18,62,40,1.54,CA,1685682979
431,malango,-2.9627,119.9001,28.85,56,51,2.29,ID,1685682979
432,revda,56.801,59.9303,16.62,89,100,2.23,RU,1685682980
433,cluain meala,52.355,-7.7039,11.9,93,7,1.65,IE,1685682980
434,hirara,24.8,125.2833,28.92,74,75,12.86,JP,1685682980
435,cromer,52.9312,1.2989,10.6,79,35,7.43,GB,1685682980
436,iwade,34.25,135.3167,20.94,99,100,2.53,JP,1685682980
437,sinop,41.7711,34.8709,14.24,70,42,0.83,TR,1685682981
438,cannonvale,-20.2833,148.7,21.66,64,68,5.57,AU,1685682981
439,acarau,-2.8856,-40.12,25.0,89,4,3.78,BR,1685682981
440,dunda,-8.1167,34.25,19.47,73,69,1.65,TZ,1685682981
441,port augusta,-32.5,137.7667,22.74,31,100,5.65,AU,1685682405
442,taulaga,-11.0553,-171.0883,28.25,78,77,4.87,AS,1685682387
443,la cruz,23.9167,-106.9,23.13,80,3,2.7,MX,1685682403
444,gambiran satu,-8.3939,114.1464,27.68,73,99,2.49,ID,1685682982
445,qusmuryn,52.4503,64.6311,32.32,22,83,3.49,KZ,1685682982
446,chernyshevskiy,63.0128,112.4714,19.07,27,1,0.55,RU,1685682982
447,nizhneudinsk,54.9076,99.0276,22.42,31,38,2.79,RU,1685682982
448,iola,37.9245,-95.4,22.03,78,0,1.54,US,1685682983
449,peterhead,57.5058,-1.7981,4.69,78,2,2.21,GB,1685682983
450,derzhavinsk,51.1,66.3167,31.55,18,66,5.84,KZ,1685682983
451,posse,-14.0931,-46.3694,20.1,66,19,2.19,BR,1685682983
452,maffra,-37.9667,146.9833,14.6,47,66,1.35,AU,1685682983
453,arawa,-6.2132,155.5367,27.14,88,100,1.12,PG,1685682984
454,bulungu,-4.55,18.6,21.88,83,94,0.71,CD,1685682984
455,daru,-9.0763,143.2092,26.01,87,75,7.17,PG,1685682984
456,kuraymah,18.55,31.85,35.07,11,0,3.47,SD,1685682984
457,korla,41.7597,86.1469,26.17,18,43,4.31,CN,1685682389
458,kavaratti,10.5669,72.642,28.62,77,99,5.44,IN,1685682985
459,mount gambier,-37.8333,140.7667,11.97,81,70,2.27,AU,1685682985
460,novodvinsk,64.4165,40.8122,5.48,92,92,1.82,RU,1685682419
461,paita,-5.0892,-81.1144,23.17,84,26,3.15,PE,1685682985
462,kiskunlachaza,47.1884,19.0093,22.14,72,4,1.59,HU,1685682985
463,trujillo,-8.116,-79.03,21.98,88,19,1.54,PE,1685682842
464,puerto pilon,9.3644,-79.7933,27.24,80,100,3.23,PA,1685682986
465,khash,28.2211,61.2158,30.01,22,6,2.45,IR,1685682986
466,marsa alam,25.0757,34.8918,31.02,42,59,3.24,EG,1685682986
467,mount isa,-20.7333,139.5,29.87,28,40,4.12,AU,1685682986
468,hasaki,35.7333,140.8333,23.45,94,100,11.98,JP,1685682784
469,bay city,43.5945,-83.8889,19.49,67,0,0.0,US,1685682836
470,puerto baquerizo moreno,-0.9,-89.6,24.9,82,26,4.01,EC,1685682987
471,yuli,9.6989,10.2744,25.98,71,87,2.13,NG,1685682987
472,namtsy,62.7161,129.6658,21.32,36,34,4.08,RU,1685682987
473,maraba,-5.3686,-49.1178,24.1,100,0,0.51,BR,1685682987
474,al mawsil al jadidah,36.3346,43.0978,28.4,18,58,1.01,IQ,1685682988
475,ola,59.5833,151.2833,17.86,51,42,9.03,RU,1685682398
476,porto novo,6.4965,2.6036,24.9,91,100,1.76,BJ,1685682988
477,kamina,-8.7386,24.9906,15.5,49,51,1.57,CD,1685682988
478,santa elena de uairen,4.6167,-61.1333,19.33,92,25,0.65,VE,1685682988
479,yaren,-0.5472,166.916,29.69,71,81,4.37,NR,1685682988
480,urangan,-25.3,152.9,21.72,68,0,5.55,AU,1685682989
481,al qitena,14.8648,32.3668,32.78,37,56,4.55,SD,1685682989
482,meadow lakes,61.6247,-149.6011,10.93,92,100,2.06,US,1685682989
483,vitorino freire,-4.0667,-45.1667,22.77,92,0,0.76,BR,1685682989
484,barmer,25.75,71.3833,32.66,50,16,5.07,IN,1685682989
485,umea,63.8284,20.2597,8.28,56,0,7.72,SE,1685682990
486,santa cruz,-17.8,-63.1667,19.7,94,75,1.54,BO,1685682812
487,dalandzadgad,43.5708,104.425,17.49,31,35,5.66,MN,1685682990
488,hammamet,36.4,10.6167,14.92,79,21,1.16,TN,1685682990
489,tha khanon,9.0302,98.9529,33.49,54,99,4.33,TH,1685682990
490,la passe,45.5549,-0.8967,17.13,89,14,4.17,FR,1685682990
491,sirjan,29.452,55.6814,28.02,24,5,1.53,IR,1685682991
492,gavrilov-yam,57.3018,39.8533,15.91,57,46,2.36,RU,1685682991
493,ciro marina,39.3732,17.126,19.49,72,59,3.16,IT,1685682991
494,hanover,52.3705,9.7332,10.47,81,100,3.09,DE,1685682913
495,faratsiho,-19.4,46.95,11.64,73,74,2.09,MG,1685682991
496,inhambane,-23.865,35.3833,22.46,85,69,3.31,MZ,1685682992
497,eldorado,-23.7869,-54.2836,17.82,93,0,1.75,BR,1685682992
498,sur,22.5667,59.5289,36.31,36,0,2.9,OM,1685682992
499,sidi akkacha,36.4647,1.3026,20.16,74,100,2.52,DZ,1685682992
500,nizhnesortymskiy,62.4397,71.7603,19.24,57,33,9.0,RU,1685682992
501,tecuala,22.3986,-105.4569,22.28,82,0,0.5,MX,1685682992
502,vanimo,-2.6741,141.3028,25.45,86,97,3.71,PG,1685682993
503,sunne,59.8376,13.143,7.23,51,5,4.17,SE,1685682993
504,karabar,-35.3753,149.2308,17.58,63,75,3.6,AU,1685682993
505,wynyard,-41.0,145.7167,12.55,60,100,2.6,AU,1685682993
506,monrovia,6.3005,-10.7969,24.87,85,98,2.92,LR,1685682993
507,krasnoshchekovo,51.6708,82.7289,23.59,38,3,7.02,RU,1685682747
508,pisco,-13.7,-76.2167,17.79,88,0,1.54,PE,1685682994
509,tosontsengel,48.7567,98.2839,10.99,55,100,4.17,MN,1685682994
510,tarawa,1.419,172.984,31.05,74,40,3.6,KI,1685682994
511,sisimiut,66.9395,-53.6735,-1.33,93,100,3.78,GL,1685682994
512,uliastay,47.7417,96.8444,9.13,68,100,0.68,MN,1685682994
513,kalevala,65.2,31.1667,2.64,95,95,1.91,RU,1685682994
514,satuek,15.297,103.2919,36.16,49,20,3.6,TH,1685682995
515,hlukhiv,51.6782,33.9162,16.7,71,44,4.88,UA,1685682995
516,nguruka,-5.1092,31.0419,20.43,69,68,1.66,TZ,1685682995
517,baruun-urt,46.6806,113.2792,18.58,25,68,5.96,MN,1685682995
518,gafanha da nazare,40.6362,-8.7134,17.05,85,49,2.0,PT,1685682860
519,rongelap,11.1635,166.8941,27.09,84,100,7.83,MH,1685682995
520,canitas de felipe pescador,23.6,-102.7167,24.24,21,11,1.69,MX,1685682996
521,bereznik,62.8551,42.7072,11.89,56,62,3.7,RU,1685682996
522,mglin,53.0591,32.8475,16.43,69,17,4.38,RU,1685682996
523,manda,-10.4667,34.5833,21.95,75,1,3.17,TZ,1685682996
524,pagouda,9.7525,1.3278,22.57,90,100,1.02,TG,1685682996
525,kroya,-7.6331,109.2461,29.54,67,94,5.57,ID,1685682996
526,murray bridge,-35.1167,139.2667,20.02,52,93,5.93,AU,1685682997
527,novoishimskiy,53.1981,66.7694,31.23,23,18,4.01,KZ,1685682997
528,yabelo,4.8833,38.0833,15.3,83,31,4.04,ET,1685682997
529,oshnaviyeh,37.0397,45.0983,19.71,32,9,1.53,IR,1685682997
530,osakarovka,50.565,72.5692,25.38,21,45,4.03,KZ,1685682997
531,annau,37.8876,58.516,32.72,29,1,6.17,TM,1685682998
532,sol'-iletsk,51.1631,54.9918,29.56,27,90,6.19,RU,1685682998
533,chake chake,-5.2459,39.7666,25.25,85,7,2.17,TZ,1685682998
534,meadow lake,34.8014,-106.5436,18.71,42,46,1.73,US,1685682998
535,bubaque,11.2833,-15.8333,26.83,83,100,3.63,GW,1685682998
536,fuli,46.7217,131.1394,18.45,50,63,5.92,CN,1685682999
537,malangawa,26.8568,85.5581,39.45,14,0,4.09,NP,1685682999
538,akjoujt,19.6969,-14.4164,25.0,35,95,5.76,MR,1685682999
539,beledweyne,4.7358,45.2036,26.97,67,59,8.39,SO,1685682999
540,mutoko,-17.397,32.2268,13.07,63,0,1.54,ZW,1685683000
541,pakxan,18.3778,103.6601,36.25,45,79,2.15,LA,1685683000
542,nicoya,10.1483,-85.452,24.81,88,84,0.58,CR,1685683000
543,at taraf,25.3628,49.725,35.3,15,72,7.33,SA,1685683000
544,palembang,-2.9167,104.7458,33.05,62,40,3.09,ID,1685683000
545,cidreira,-30.1811,-50.2056,16.8,82,0,2.59,BR,1685683000
546,governador dix sept rosado,-5.4589,-37.5208,23.18,91,36,2.35,BR,1685683001
547,san pedro,14.35,121.0167,30.73,74,40,5.66,PH,1685683001
548,borovskoy,53.8,64.15,31.33,27,79,4.49,KZ,1685683001
549,katsuren-haebaru,26.3369,127.8719,27.01,83,100,8.75,JP,1685683001
550,laurel,39.0993,-76.8483,19.7,83,0,0.0,US,1685682793
551,kangding,30.0513,101.9603,20.23,73,68,3.09,CN,1685683001
552,spas-klepiki,55.1347,40.1767,17.49,58,11,1.67,RU,1685683001
553,namibe,-15.1961,12.1522,18.41,72,1,4.55,AO,1685682405
554,kagizman,40.1567,43.1342,15.15,52,4,1.8,TR,1685683002
555,rokytne,51.2796,27.214,17.18,71,5,4.04,UA,1685683002
556,zhuanghe,39.7008,122.9911,24.3,33,0,6.04,CN,1685683002
557,barcelos,41.5388,-8.6151,17.69,96,86,1.19,PT,1685682792
558,venice,27.0998,-82.4543,23.88,95,0,3.09,US,1685683002
559,shangzhi,45.2167,127.9667,19.7,42,29,5.66,CN,1685683003
560,calca,-13.3333,-71.95,8.86,57,3,1.43,PE,1685683003
561,talodi,10.6325,30.3797,27.28,58,97,1.06,SD,1685683003
562,palmas,-10.2128,-48.3603,24.93,73,40,1.54,BR,1685683003
563,road town,18.4167,-64.6167,27.81,80,68,7.55,VG,1685682416
564,lib,8.3122,167.3766,27.72,80,100,7.08,MH,1685683003
565,suicheng,33.8963,117.9331,31.87,22,94,6.68,CN,1685683003
566,lagoa,39.05,-27.9833,17.67,84,48,5.59,PT,1685683004
567,zhangjiakou shi xuanhua qu,40.6103,115.0447,25.68,23,55,3.26,CN,1685683004
568,punta del este,-34.9667,-54.95,13.31,92,2,1.79,UY,1685683004
